Sailing Date,Ship Name,Departure Port,Itinerary,Nights,Cabin Type,CASINO OVERVIEW OFFER TYPE,Offer Name,Offer Code,OFFER EXPIRE DATE
10-02-2025,Enchantment of the Seas,Tampa,4 NIGHT WESTERN CARIBBEAN CRUISE,4,Ocean View,Exclusive Stateroom Offer,Odds on October,25OCT06,09-13-2025
10-16-2025,Enchantment of the Seas,Tampa,4 NIGHT WESTERN CARIBBEAN CRUISE,4,Ocean View,Exclusive Stateroom Offer,Odds on October,25OCT06,09-13-2025
10-30-2025,Enchantment of the Seas,Tampa,4 NIGHT WESTERN CARIBBEAN CRUISE,4,Ocean View,Exclusive Stateroom Offer,Odds on October,25OCT06,09-13-2025
10-04-2025,Grandeur of the Seas,Tampa,7 NIGHT WESTERN CARIBBEAN CRUISE,7,Ocean View,Exclusive Stateroom Offer,Odds on October,25OCT06,09-13-2025
10-18-2025,Grandeur of the Seas,Tampa,7 NIGHT WESTERN CARIBBEAN CRUISE,7,Ocean View,Exclusive Stateroom Offer,Odds on October,25OCT06,09-13-2025
10-25-2025,Grandeur of the Seas,Tampa,7 NIGHT WESTERN CARIBBEAN CRUISE,7,Ocean View,Exclusive Stateroom Offer,Odds on October,25OCT06,09-13-2025
10-04-2025,Mariner of the Seas,Galveston,5 NIGHT WESTERN CARIBBEAN CRUISE,5,Ocean View,Exclusive Stateroom Offer,Odds on October,25OCT06,09-13-2025
10-13-2025,Mariner of the Seas,Galveston,5 NIGHT WESTERN CARIBBEAN CRUISE,5,Ocean View,Exclusive Stateroom Offer,Odds on October,25OCT06,09-13-2025
10-27-2025,Mariner of the Seas,Galveston,5 NIGHT WESTERN CARIBBEAN CRUISE,5,Ocean View,Exclusive Stateroom Offer,Odds on October,25OCT06,09-13-2025
10-06-2025,Quantum of the Seas,Los Angeles,6 NIGHT CABO AND ENSENADA,6,Ocean View,Exclusive Stateroom Offer,Odds on October,25OCT06,09-13-2025
10-11-2025,Enchantment of the Seas,Tampa,5 NIGHT BAHAMAS & PERFECT DAY CRUISE,5,Ocean View,Exclusive Stateroom Offer,Odds on October,25OCT06,09-13-2025
10-11-2025,Grandeur of the Seas,Tampa,7 NIGHT BAHAMAS & PERFECT DAY CRUISE,7,Ocean View,Exclusive Stateroom Offer,Odds on October,25OCT06,09-13-2025
10-12-2025,Oasis of the Seas,Fort Lauderdale,6 NIGHT WESTERN CARIBBEAN CRUISE,6,Ocean View,Exclusive Stateroom Offer,Odds on October,25OCT06,09-13-2025
10-26-2025,Oasis of the Seas,Fort Lauderdale,6 NIGHT WESTERN CARIBBEAN CRUISE,6,Ocean View,Exclusive Stateroom Offer,Odds on October,25OCT06,09-13-2025
10-13-2025,Freedom of the Seas,Miami,5 NIGHT WESTERN CARIBBEAN & PERFECT DAY,5,Ocean View,Exclusive Stateroom Offer,Odds on October,25OCT06,09-13-2025
10-27-2025,Freedom of the Seas,Miami,5 NIGHT WESTERN CARIBBEAN & PERFECT DAY,5,Ocean View,Exclusive Stateroom Offer,Odds on October,25OCT06,09-13-2025
10-16-2025,Quantum of the Seas,Los Angeles,6 NIGHT CABO OVERNIGHT AND ENSENADA,6,Ocean View,Exclusive Stateroom Offer,Odds on October,25OCT06,09-13-2025
10-22-2025,Quantum of the Seas,Los Angeles,6 NIGHT CABO OVERNIGHT AND ENSENADA,6,Ocean View,Exclusive Stateroom Offer,Odds on October,25OCT06,09-13-2025
10-20-2025,Enchantment of the Seas,Tampa,5 NIGHT WESTERN CARIBBEAN CRUISE,5,Ocean View,Exclusive Stateroom Offer,Odds on October,25OCT06,09-13-2025
10-25-2025,Enchantment of the Seas,Tampa,5 NIGHT WESTERN CARIBBEAN CRUISE,5,Ocean View,Exclusive Stateroom Offer,Odds on October,25OCT06,09-13-2025
10-03-2025,Jewel of the Seas,Fort Lauderdale,3 NIGHT BAHAMAS & PERFECT DAY CRUISE,3,Ocean View,Exclusive Stateroom Offer,Odds on October,25OCT06,09-13-2025
10-06-2025,Jewel of the Seas,Fort Lauderdale,4 NIGHT BAHAMAS & PERFECT DAY CRUISE,4,Ocean View,Exclusive Stateroom Offer,Odds on October,25OCT06,09-13-2025
10-13-2025,Jewel of the Seas,Fort Lauderdale,4 NIGHT BAHAMAS & PERFECT DAY CRUISE,4,Ocean View,Exclusive Stateroom Offer,Odds on October,25OCT06,09-13-2025
10-20-2025,Jewel of the Seas,Fort Lauderdale,4 NIGHT BAHAMAS & PERFECT DAY CRUISE,4,Ocean View,Exclusive Stateroom Offer,Odds on October,25OCT06,09-13-2025
10-27-2025,Jewel of the Seas,Fort Lauderdale,4 NIGHT BAHAMAS & PERFECT DAY CRUISE,4,Ocean View,Exclusive Stateroom Offer,Odds on October,25OCT06,09-13-2025
10-20-2025,Navigator of the Seas,Los Angeles,4 NIGHT CATALINA & ENSENADA CRUISE,4,Ocean View,Exclusive Stateroom Offer,Odds on October,25OCT06,09-13-2025
11-03-2025,Navigator of the Seas,Los Angeles,4 NIGHT CATALINA & ENSENADA CRUISE,4,Ocean View,Exclusive Stateroom Offer,Odds on October,25OCT06,09-13-2025
12-01-2025,Navigator of the Seas,Los Angeles,4 NIGHT CATALINA & ENSENADA CRUISE,4,Ocean View,Exclusive Stateroom Offer,Odds on October,25OCT06,09-13-2025
12-08-2025,Navigator of the Seas,Los Angeles,4 NIGHT CATALINA & ENSENADA CRUISE,4,Ocean View,Exclusive Stateroom Offer,Odds on October,25OCT06,09-13-2025
12-15-2025,Navigator of the Seas,Los Angeles,4 NIGHT CATALINA & ENSENADA CRUISE,4,Ocean View,Exclusive Stateroom Offer,Odds on October,25OCT06,09-13-2025
10-20-2025,Radiance of the Seas,Fort Lauderdale,4 NIGHT EASTERN CARIBBEAN CRUISE,4,Ocean View,Exclusive Stateroom Offer,Odds on October,25OCT06,09-13-2025
10-23-2025,Freedom of the Seas,Miami,4 NIGHT EASTERN CARIBBEAN CRUISE,4,Ocean View,Exclusive Stateroom Offer,Odds on October,25OCT06,09-13-2025
10-24-2025,Jewel of the Seas,Fort Lauderdale,3 NIGHT PERFECT DAY GETAWAY CRUISE,3,Ocean View,Exclusive Stateroom Offer,Odds on October,25OCT06,09-13-2025
10-24-2025,Radiance of the Seas,Fort Lauderdale,3 NIGHT BAHAMAS GETAWAY CRUISE,3,Ocean View,Exclusive Stateroom Offer,Odds on October,25OCT06,09-13-2025
11-07-2025,Radiance of the Seas,Fort Lauderdale,3 NIGHT BAHAMAS GETAWAY CRUISE,3,Ocean View,Exclusive Stateroom Offer,Odds on October,25OCT06,09-13-2025
11-14-2025,Radiance of the Seas,Fort Lauderdale,3 NIGHT BAHAMAS GETAWAY CRUISE,3,Ocean View,Exclusive Stateroom Offer,Odds on October,25OCT06,09-13-2025
11-28-2025,Radiance of the Seas,Fort Lauderdale,3 NIGHT BAHAMAS GETAWAY CRUISE,3,Ocean View,Exclusive Stateroom Offer,Odds on October,25OCT06,09-13-2025
12-05-2025,Radiance of the Seas,Fort Lauderdale,3 NIGHT BAHAMAS GETAWAY CRUISE,3,Ocean View,Exclusive Stateroom Offer,Odds on October,25OCT06,09-13-2025
12-12-2025,Radiance of the Seas,Fort Lauderdale,3 NIGHT BAHAMAS GETAWAY CRUISE,3,Ocean View,Exclusive Stateroom Offer,Odds on October,25OCT06,09-13-2025
10-02-2025,Serenade of the Seas,Miami,3 NIGHT MIAMI TO PANAMA CRUISE,3,Interior,Exclusive Stateroom Offer,Odds on October,25OCT06,09-13-2025
10-06-2025,Jewel of the Seas,Fort Lauderdale,4 NIGHT BAHAMAS & PERFECT DAY CRUISE,4,Interior,Exclusive Stateroom Offer,Odds on October,25OCT06,09-13-2025
10-13-2025,Jewel of the Seas,Fort Lauderdale,4 NIGHT BAHAMAS & PERFECT DAY CRUISE,4,Interior,Exclusive Stateroom Offer,Odds on October,25OCT06,09-13-2025
10-27-2025,Jewel of the Seas,Fort Lauderdale,4 NIGHT BAHAMAS & PERFECT DAY CRUISE,4,Interior,Exclusive Stateroom Offer,Odds on October,25OCT06,09-13-2025
10-12-2025,Quantum of the Seas,Los Angeles,4 NIGHT ENSENADA CRUISE,4,Interior,Exclusive Stateroom Offer,Odds on October,25OCT06,09-13-2025
10-20-2025,Navigator of the Seas,Los Angeles,4 NIGHT CATALINA & ENSENADA CRUISE,4,Interior,Exclusive Stateroom Offer,Odds on October,25OCT06,09-13-2025
10-20-2025,Radiance of the Seas,Fort Lauderdale,4 NIGHT EASTERN CARIBBEAN CRUISE,4,Interior,Exclusive Stateroom Offer,Odds on October,25OCT06,09-13-2025
10-23-2025,Freedom of the Seas,Miami,4 NIGHT EASTERN CARIBBEAN CRUISE,4,Interior,Exclusive Stateroom Offer,Odds on October,25OCT06,09-13-2025
10-24-2025,Radiance of the Seas,Fort Lauderdale,3 NIGHT BAHAMAS GETAWAY CRUISE,3,Interior,Exclusive Stateroom Offer,Odds on October,25OCT06,09-13-2025
10-27-2025,Radiance of the Seas,Fort Lauderdale,4 NIGHT BAHAMAS & PERFECT DAY CRUISE,4,Interior,Exclusive Stateroom Offer,Odds on October,25OCT06,09-13-2025
10-28-2025,Quantum of the Seas,Los Angeles,3 NIGHT ENSENADA CRUISE,3,Interior,Exclusive Stateroom Offer,Odds on October,25OCT06,09-13-2025
10-30-2025,Independence of the Seas,Miami,3 NIGHT BAHAMAS & PERFECT DAY CRUISE,3,Interior,Exclusive Stateroom Offer,Odds on October,25OCT06,09-13-2025
10-02-2025,Enchantment of the Seas,Tampa,4 NIGHT WESTERN CARIBBEAN CRUISE,4,Interior,Exclusive Stateroom Offer,Odds on October,25OCT06,09-13-2025
10-30-2025,Enchantment of the Seas,Tampa,4 NIGHT WESTERN CARIBBEAN CRUISE,4,Interior,Exclusive Stateroom Offer,Odds on October,25OCT06,09-13-2025
11-13-2025,Enchantment of the Seas,Tampa,4 NIGHT WESTERN CARIBBEAN CRUISE,4,Interior,Exclusive Stateroom Offer,Odds on October,25OCT06,09-13-2025
01-08-2026,Enchantment of the Seas,Tampa,4 NIGHT WESTERN CARIBBEAN CRUISE,4,Interior,Exclusive Stateroom Offer,Odds on October,25OCT06,09-13-2025
02-05-2026,Enchantment of the Seas,Tampa,4 NIGHT WESTERN CARIBBEAN CRUISE,4,Interior,Exclusive Stateroom Offer,Odds on October,25OCT06,09-13-2025
02-19-2026,Enchantment of the Seas,Tampa,4 NIGHT WESTERN CARIBBEAN CRUISE,4,Interior,Exclusive Stateroom Offer,Odds on October,25OCT06,09-13-2025
03-05-2026,Enchantment of the Seas,Tampa,4 NIGHT WESTERN CARIBBEAN CRUISE,4,Interior,Exclusive Stateroom Offer,Odds on October,25OCT06,09-13-2025
03-19-2026,Enchantment of the Seas,Tampa,4 NIGHT WESTERN CARIBBEAN CRUISE,4,Interior,Exclusive Stateroom Offer,Odds on October,25OCT06,09-13-2025
10-06-2025,Jewel of the Seas,Fort Lauderdale,4 NIGHT BAHAMAS & PERFECT DAY CRUISE,4,Interior,Exclusive Stateroom Offer,Odds on October,25OCT06,09-13-2025
10-13-2025,Jewel of the Seas,Fort Lauderdale,4 NIGHT BAHAMAS & PERFECT DAY CRUISE,4,Interior,Exclusive Stateroom Offer,Odds on October,25OCT06,09-13-2025
10-13-2025,Freedom of the Seas,Miami,5 NIGHT WESTERN CARIBBEAN & PERFECT DAY,5,Interior,Exclusive Stateroom Offer,Odds on October,25OCT06,09-13-2025
11-10-2025,Freedom of the Seas,Miami,5 NIGHT WESTERN CARIBBEAN & PERFECT DAY,5,Interior,Exclusive Stateroom Offer,Odds on October,25OCT06,09-13-2025
10-13-2025,Wonder of the Seas,Miami,4 NIGHT BAHAMAS & PERFECT DAY CRUISE,4,Interior,Exclusive Stateroom Offer,Odds on October,25OCT06,09-13-2025
10-20-2025,Wonder of the Seas,Miami,4 NIGHT BAHAMAS & PERFECT DAY CRUISE,4,Interior,Exclusive Stateroom Offer,Odds on October,25OCT06,09-13-2025
10-27-2025,Wonder of the Seas,Miami,4 NIGHT BAHAMAS & PERFECT DAY CRUISE,4,Interior,Exclusive Stateroom Offer,Odds on October,25OCT06,09-13-2025
10-02-2025,Serenade of the Seas,Miami,3 NIGHT MIAMI TO PANAMA CRUISE,3,Balcony,Exclusive Stateroom Offer,Odds on October,25OCT06,09-13-2025
10-04-2025,Freedom of the Seas,Miami,5 NIGHT EASTERN CARIBBEAN & PERFECT DAY,5,Balcony,Exclusive Stateroom Offer,Odds on October,25OCT06,09-13-2025
10-18-2025,Freedom of the Seas,Miami,5 NIGHT EASTERN CARIBBEAN & PERFECT DAY,5,Balcony,Exclusive Stateroom Offer,Odds on October,25OCT06,09-13-2025
10-12-2025,Quantum of the Seas,Los Angeles,4 NIGHT ENSENADA CRUISE,4,Balcony,Exclusive Stateroom Offer,Odds on October,25OCT06,09-13-2025
10-31-2025,Quantum of the Seas,Los Angeles,4 NIGHT ENSENADA CRUISE,4,Balcony,Exclusive Stateroom Offer,Odds on October,25OCT06,09-13-2025
11-10-2025,Quantum of the Seas,Los Angeles,4 NIGHT ENSENADA CRUISE,4,Balcony,Exclusive Stateroom Offer,Odds on October,25OCT06,09-13-2025
11-17-2025,Quantum of the Seas,Los Angeles,4 NIGHT ENSENADA CRUISE,4,Balcony,Exclusive Stateroom Offer,Odds on October,25OCT06,09-13-2025
12-01-2025,Quantum of the Seas,Los Angeles,4 NIGHT ENSENADA CRUISE,4,Balcony,Exclusive Stateroom Offer,Odds on October,25OCT06,09-13-2025
10-20-2025,Jewel of the Seas,Fort Lauderdale,4 NIGHT BAHAMAS & PERFECT DAY CRUISE,4,Balcony,Exclusive Stateroom Offer,Odds on October,25OCT06,09-13-2025
10-27-2025,Jewel of the Seas,Fort Lauderdale,4 NIGHT BAHAMAS & PERFECT DAY CRUISE,4,Balcony,Exclusive Stateroom Offer,Odds on October,25OCT06,09-13-2025
10-20-2025,Radiance of the Seas,Fort Lauderdale,4 NIGHT EASTERN CARIBBEAN CRUISE,4,Balcony,Exclusive Stateroom Offer,Odds on October,25OCT06,09-13-2025
10-23-2025,Freedom of the Seas,Miami,4 NIGHT EASTERN CARIBBEAN CRUISE,4,Balcony,Exclusive Stateroom Offer,Odds on October,25OCT06,09-13-2025
10-24-2025,Radiance of the Seas,Fort Lauderdale,3 NIGHT BAHAMAS GETAWAY CRUISE,3,Balcony,Exclusive Stateroom Offer,Odds on October,25OCT06,09-13-2025
11-07-2025,Radiance of the Seas,Fort Lauderdale,3 NIGHT BAHAMAS GETAWAY CRUISE,3,Balcony,Exclusive Stateroom Offer,Odds on October,25OCT06,09-13-2025
11-14-2025,Radiance of the Seas,Fort Lauderdale,3 NIGHT BAHAMAS GETAWAY CRUISE,3,Balcony,Exclusive Stateroom Offer,Odds on October,25OCT06,09-13-2025
11-28-2025,Radiance of the Seas,Fort Lauderdale,3 NIGHT BAHAMAS GETAWAY CRUISE,3,Balcony,Exclusive Stateroom Offer,Odds on October,25OCT06,09-13-2025
12-05-2025,Radiance of the Seas,Fort Lauderdale,3 NIGHT BAHAMAS GETAWAY CRUISE,3,Balcony,Exclusive Stateroom Offer,Odds on October,25OCT06,09-13-2025
12-12-2025,Radiance of the Seas,Fort Lauderdale,3 NIGHT BAHAMAS GETAWAY CRUISE,3,Balcony,Exclusive Stateroom Offer,Odds on October,25OCT06,09-13-2025
01-09-2026,Radiance of the Seas,Fort Lauderdale,3 NIGHT BAHAMAS GETAWAY CRUISE,3,Balcony,Exclusive Stateroom Offer,Odds on October,25OCT06,09-13-2025
10-27-2025,Freedom of the Seas,Miami,5 NIGHT WESTERN CARIBBEAN & PERFECT DAY,5,Balcony,Exclusive Stateroom Offer,Odds on October,25OCT06,09-13-2025
10-27-2025,Radiance of the Seas,Fort Lauderdale,4 NIGHT BAHAMAS & PERFECT DAY CRUISE,4,Balcony,Exclusive Stateroom Offer,Odds on October,25OCT06,09-13-2025
11-03-2025,Radiance of the Seas,Fort Lauderdale,4 NIGHT BAHAMAS & PERFECT DAY CRUISE,4,Balcony,Exclusive Stateroom Offer,Odds on October,25OCT06,09-13-2025
11-10-2025,Radiance of the Seas,Fort Lauderdale,4 NIGHT BAHAMAS & PERFECT DAY CRUISE,4,Balcony,Exclusive Stateroom Offer,Odds on October,25OCT06,09-13-2025
11-17-2025,Radiance of the Seas,Fort Lauderdale,4 NIGHT BAHAMAS & PERFECT DAY CRUISE,4,Balcony,Exclusive Stateroom Offer,Odds on October,25OCT06,09-13-2025
12-01-2025,Radiance of the Seas,Fort Lauderdale,4 NIGHT BAHAMAS & PERFECT DAY CRUISE,4,Balcony,Exclusive Stateroom Offer,Odds on October,25OCT06,09-13-2025
12-15-2025,Radiance of the Seas,Fort Lauderdale,4 NIGHT BAHAMAS & PERFECT DAY CRUISE,4,Balcony,Exclusive Stateroom Offer,Odds on October,25OCT06,09-13-2025
