cruiseId,shipName,sailDateStart,sailDateEnd,sourceType,category,description,amount,verified
5207254,Navigator Of The Seas,9/15/25,9/19/25,STATEMENT,Shopping,Port Merchants,65,TRUE
5207254,Navigator Of The Seas,9/15/25,9/19/25,STATEMENT,Gaming,Club Royale Entertainment Games,100,TRUE
5207254,Navigator Of The Seas,9/15/25,9/19/25,STATEMENT,Gaming,Club Royale Entertainment Games,100,TRUE
5207254,Navigator Of The Seas,9/15/25,9/19/25,STATEMENT,Gaming,Club Royale Entertainment Games,112,TRUE
5207254,Navigator Of The Seas,9/15/25,9/19/25,STATEMENT,Gaming,Club Royale Entertainment Games,100,TRUE
5207254,Navigator Of The Seas,9/15/25,9/19/25,STATEMENT,Gaming,Club Royale Entertainment Games,100,TRUE
5207254,Navigator Of The Seas,9/15/25,9/19/25,STATEMENT,Gaming,Club Royale Entertainment Games,107,TRUE
5207254,Navigator Of The Seas,9/15/25,9/19/25,STATEMENT,,#NAME?,Onboard Gratuities,-37,TRUE
5207254,Navigator Of The Seas,9/15/25,9/19/25,STATEMENT,Internet / Communications,Internet,55.98,TRUE
5207254,Navigator Of The Seas,9/15/25,9/19/25,STATEMENT,Gaming,Club Royale Entertainment Games,117,TRUE
5207254,Navigator Of The Seas,9/15/25,9/19/25,STATEMENT,Gaming,Club Royale Entertainment Games,42,TRUE
5207254,Navigator Of The Seas,9/15/25,9/19/25,STATEMENT,Gaming,Club Royale Entertainment Games,100,TRUE
5207254,Navigator Of The Seas,9/15/25,9/19/25,STATEMENT,Refund - Internet / Communications,Internet,-16.79,TRUE
5207254,Navigator Of The Seas,9/15/25,9/19/25,STATEMENT,Gaming,Club Royale Entertainment Games,100,TRUE
5207254,Navigator Of The Seas,9/15/25,9/19/25,STATEMENT,Gaming,Club Royale Entertainment Games,100,TRUE
3156149,Navigator Of The Seas,9/8/25,9/12/25,STATEMENT,Spa,Spa/Salon,1.84,TRUE
3156149,Navigator Of The Seas,9/8/25,9/12/25,STATEMENT,Gaming,Club Royale Entertainment Games,100,TRUE
3156149,Navigator Of The Seas,9/8/25,9/12/25,STATEMENT,Gaming,Club Royale Entertainment Games,107,TRUE
3156149,Navigator Of The Seas,9/8/25,9/12/25,STATEMENT,Gaming,Club Royale Entertainment Games,241,TRUE
3156149,Navigator Of The Seas,9/8/25,9/12/25,STATEMENT,Gaming,Club Royale Entertainment Games,100,TRUE
3156149,Navigator Of The Seas,9/8/25,9/12/25,STATEMENT,Gaming,Club Royale Entertainment Games,200,TRUE
3156149,Navigator Of The Seas,9/8/25,9/12/25,STATEMENT,Gaming,Club Royale Entertainment Games,100,TRUE
3156149,Navigator Of The Seas,9/8/25,9/12/25,STATEMENT,Gaming,Club Royale Entertainment Games,177,TRUE
3156149,Navigator Of The Seas,9/8/25,9/12/25,STATEMENT,Gaming,Club Royale Entertainment Games,141,TRUE
3156149,Navigator Of The Seas,9/8/25,9/12/25,STATEMENT,Gaming,Club Royale Entertainment Games,100,TRUE
3156149,Navigator Of The Seas,9/8/25,9/12/25,STATEMENT,Gaming,Club Royale Entertainment Games,100,TRUE
3156149,Navigator Of The Seas,9/8/25,9/12/25,STATEMENT,Gaming,Club Royale Entertainment Games,100,TRUE
3156149,Navigator Of The Seas,9/8/25,9/12/25,STATEMENT,Beverages,Casino Bar,12.98,TRUE
3156149,Navigator Of The Seas,9/8/25,9/12/25,STATEMENT,Gaming,Club Royale Entertainment Games,77,TRUE
3156149,Navigator Of The Seas,9/8/25,9/12/25,STATEMENT,,#NAME?,Onboard Gratuities,-37,TRUE
3156149,Navigator Of The Seas,9/8/25,9/12/25,STATEMENT,Internet / Communications,Internet,55.98,TRUE
3156149,Navigator Of The Seas,9/8/25,9/12/25,STATEMENT,Refund - Internet / Communications,Internet,-16.79,TRUE
3156149,Navigator Of The Seas,9/8/25,9/12/25,STATEMENT,Beverages,Casino Bar,12.98,TRUE
3156149,Navigator Of The Seas,9/8/25,9/12/25,STATEMENT,Beverages,Schooner Bar,1,TRUE
2665774,Star Of The Seas,8/27/25,8/27/25,STATEMENT,Beverages,Cloud 17,6.88,TRUE
2665774,Star Of The Seas,8/27/25,8/27/25,STATEMENT,Play,Escape Room,39.99,TRUE
2665774,Star Of The Seas,8/27/25,8/27/25,STATEMENT,Gaming,Club Royale Entertainment Games,150,TRUE
2665774,Star Of The Seas,8/27/25,8/27/25,STATEMENT,Dining,Hooked,76.7,TRUE
2665774,Star Of The Seas,8/27/25,8/27/25,STATEMENT,Gaming,Club Royale Entertainment Games,150,TRUE
2665774,Star Of The Seas,8/27/25,8/27/25,STATEMENT,Gaming,Club Royale Entertainment Games,100,TRUE
2665774,Star Of The Seas,8/27/25,8/27/25,STATEMENT,Gaming,Club Royale Entertainment Games,150,TRUE
2665774,Star Of The Seas,8/27/25,8/27/25,STATEMENT,Gaming,Club Royale Entertainment Games,100,TRUE
2665774,Star Of The Seas,8/27/25,8/27/25,STATEMENT,Gaming,Club Royale Entertainment Games,200,TRUE
2665774,Star Of The Seas,8/27/25,8/27/25,STATEMENT,Gaming,Club Royale Entertainment Games,250,TRUE
2665774,Star Of The Seas,8/27/25,8/27/25,STATEMENT,Gaming,Club Royale Entertainment Games,100,TRUE
2665774,Star Of The Seas,8/27/25,8/27/25,STATEMENT,Services,Wow Bands,14.99,TRUE
2665774,Star Of The Seas,8/27/25,8/27/25,STATEMENT,Gaming,Club Royale Entertainment Games,200,TRUE
2665774,Star Of The Seas,8/27/25,8/27/25,STATEMENT,Beverages,Casino Bar,12.98,TRUE
2665774,Star Of The Seas,8/27/25,8/27/25,STATEMENT,Gaming,Club Royale Entertainment Games,200,TRUE
2665774,Star Of The Seas,8/27/25,8/27/25,STATEMENT,Gaming,Club Royale Entertainment Games,100,TRUE
2665774,Star Of The Seas,8/27/25,8/27/25,STATEMENT,Gaming,Club Royale Entertainment Games,127,TRUE
6242276,Navigator Of The Seas,8/1/25,8/1/25,STATEMENT,Spa,Spa/Salon,192.36,TRUE
6242276,Navigator Of The Seas,8/1/25,8/1/25,STATEMENT,Gaming,Club Royale Entertainment Games,100,TRUE
6242276,Navigator Of The Seas,8/1/25,8/1/25,STATEMENT,Beverages,Casino Bar,6.49,TRUE
6242276,Navigator Of The Seas,8/1/25,8/1/25,STATEMENT,Spa,Spa/Salon,20,TRUE
6242276,Navigator Of The Seas,8/1/25,8/1/25,STATEMENT,Internet / Communications,Internet,25.99,TRUE
6242276,Navigator Of The Seas,8/1/25,8/1/25,STATEMENT,Beverages,Casino Bar,6.49,TRUE
6242276,Navigator Of The Seas,8/1/25,8/1/25,STATEMENT,Gaming,Club Royale Entertainment Games,40,TRUE
6242276,Navigator Of The Seas,8/1/25,8/1/25,STATEMENT,,#NAME?,Onboard Gratuities,-55.5,TRUE
6242276,Navigator Of The Seas,8/1/25,8/1/25,STATEMENT,Beverages,Lime & Coconut,6.49,TRUE
6242276,Navigator Of The Seas,8/1/25,8/1/25,STATEMENT,Beverages,Casino Bar,27.14,TRUE
6242276,Navigator Of The Seas,8/1/25,8/1/25,STATEMENT,Refund - Beverages,Casino Bar,-27.14,TRUE
6242276,Navigator Of The Seas,8/1/25,8/1/25,STATEMENT,Beverages,Casino Bar,12.98,TRUE
236930,Ovation Of The Seas,7/29/25,7/29/25,STATEMENT,Beverages,Pool Bar,7.07,TRUE
236930,Ovation Of The Seas,7/29/25,7/29/25,STATEMENT,Beverages,Pool Bar,6.49,TRUE
236930,Ovation Of The Seas,7/29/25,7/29/25,STATEMENT,Internet/Communications,Internet,26.99,TRUE
236930,Ovation Of The Seas,7/29/25,7/29/25,STATEMENT,Beverages,Casino Bar,6.49,TRUE
236930,Ovation Of The Seas,7/29/25,7/29/25,STATEMENT,Beverages,Casino Bar,16.82,TRUE
236930,Ovation Of The Seas,7/29/25,7/29/25,STATEMENT,Beverages,Casino Bar,6.49,TRUE
236930,Ovation Of The Seas,7/29/25,7/29/25,STATEMENT,Refund - Beverages,Casino Bar,-16.82,TRUE
2501764,Harmony Of The Seas,4/20/25,4/20/25,STATEMENT,Beverages,Casino Bar,6.49,TRUE
2501764,Harmony Of The Seas,4/20/25,4/20/25,STATEMENT,Play,Club Royale Entertainment,525,TRUE
2501764,Harmony Of The Seas,4/20/25,4/20/25,STATEMENT,Beverages,Casino Bar,6.49,TRUE
2501764,Harmony Of The Seas,4/20/25,4/20/25,STATEMENT,Internet / Communications,Internet,149.95,TRUE
2501764,Harmony Of The Seas,4/20/25,4/20/25,STATEMENT,Beverages,Casino Bar,6.49,TRUE
2501764,Harmony Of The Seas,4/20/25,4/20/25,STATEMENT,Beverages,Casino Bar,6.49,TRUE
2501764,Harmony Of The Seas,4/20/25,4/20/25,STATEMENT,Dining,Izumi,88.5,TRUE
2501764,Harmony Of The Seas,4/20/25,4/20/25,STATEMENT,Beverages,Casino Bar,16.52,TRUE
2501764,Harmony Of The Seas,4/20/25,4/20/25,STATEMENT,Beverages,Stateroom Service,5,TRUE
2501764,Harmony Of The Seas,4/20/25,4/20/25,STATEMENT,Beverages,Casino Bar,12.98,TRUE
2501764,Harmony Of The Seas,4/20/25,4/20/25,STATEMENT,Beverages,Stateroom Service,9.38,TRUE
2501764,Harmony Of The Seas,4/20/25,4/20/25,STATEMENT,Beverages,Stateroom Service,2,TRUE
2501764,Harmony Of The Seas,4/20/25,4/20/25,STATEMENT,Beverages,American Icon Grille,19.99,TRUE
2501764,Harmony Of The Seas,4/20/25,4/20/25,STATEMENT,Beverages,Casino Bar,12.98,TRUE
2501764,Harmony Of The Seas,4/20/25,4/20/25,STATEMENT,Beverages,Stateroom Service,9.38,TRUE
7871133,Wonder Of The Seas,3/9/25,3/9/25,STATEMENT,Play,Club Royale Entertainment,650,TRUE
7871133,Wonder Of The Seas,3/9/25,3/9/25,STATEMENT,Gaming,Club Royale Entertainment Games,20,TRUE
7871133,Wonder Of The Seas,3/9/25,3/9/25,STATEMENT,Gaming,Club Royale Entertainment Games,150,TRUE
7871133,Wonder Of The Seas,3/9/25,3/9/25,STATEMENT,Gaming,Club Royale Entertainment Games,100,TRUE
7871133,Wonder Of The Seas,3/9/25,3/9/25,STATEMENT,Beverages,Lime & Coconut,12.98,TRUE
7871133,Wonder Of The Seas,3/9/25,3/9/25,STATEMENT,Dining,Izumi,82.6,TRUE
7871133,Wonder Of The Seas,3/9/25,3/9/25,STATEMENT,Beverages,Starbucks,4.07,TRUE
7871133,Wonder Of The Seas,3/9/25,3/9/25,STATEMENT,Beverages,Vitality Cafe,2.36,TRUE
7871133,Wonder Of The Seas,3/9/25,3/9/25,STATEMENT,Spa,Spa/Salon,202.8,TRUE
7871133,Wonder Of The Seas,3/9/25,3/9/25,STATEMENT,Gaming,Club Royale Entertainment Games,40,TRUE
7871133,Wonder Of The Seas,3/9/25,3/9/25,STATEMENT,Beverages,Casino Bar,6.49,TRUE
7871133,Wonder Of The Seas,3/9/25,3/9/25,STATEMENT,Gaming,Club Royale Entertainment Games,40,TRUE
7871133,Wonder Of The Seas,3/9/25,3/9/25,STATEMENT,Gaming,Club Royale Entertainment Games,100,TRUE
7871133,Wonder Of The Seas,3/9/25,3/9/25,STATEMENT,Beverages,Casino Bar,2,TRUE
7871133,Wonder Of The Seas,3/9/25,3/9/25,STATEMENT,Dining,Chef'S Table,117.99,TRUE
7871133,Wonder Of The Seas,3/9/25,3/9/25,STATEMENT,Play,Club Royale Entertainment,500,TRUE
7871133,Wonder Of The Seas,3/9/25,3/9/25,STATEMENT,Beverages,Lime & Coconut,6.49,TRUE
7871133,Wonder Of The Seas,3/9/25,3/9/25,STATEMENT,Beverages,Stateroom Service,9.38,TRUE
7871133,Wonder Of The Seas,3/9/25,3/9/25,STATEMENT,Gaming,Club Royale Entertainment Games,100,TRUE
7871133,Wonder Of The Seas,3/9/25,3/9/25,STATEMENT,Play,Club Royale Entertainment,500,TRUE
7871133,Wonder Of The Seas,3/9/25,3/9/25,STATEMENT,Beverages,Lime & Coconut,12.98,TRUE
7871133,Wonder Of The Seas,3/9/25,3/9/25,STATEMENT,Beverages,Lime & Coconut,1,TRUE
7871133,Wonder Of The Seas,3/9/25,3/9/25,STATEMENT,Beverages,Stateroom Service,9.38,TRUE
7871133,Wonder Of The Seas,3/9/25,3/9/25,STATEMENT,Gaming,Club Royale Entertainment Games,40,TRUE
7871133,Wonder Of The Seas,3/9/25,3/9/25,STATEMENT,Shopping,Solera,110,TRUE
7871133,Wonder Of The Seas,3/9/25,3/9/25,STATEMENT,Beverages,Stateroom Service,10,TRUE
7871133,Wonder Of The Seas,3/9/25,3/9/25,STATEMENT,Beverages,Casino Bar,6.49,TRUE
7871133,Wonder Of The Seas,3/9/25,3/9/25,STATEMENT,Gaming,Club Royale Entertainment Games,100,TRUE
7871133,Wonder Of The Seas,3/9/25,3/9/25,STATEMENT,Beverages,Dining Room,23.59,TRUE
7871133,Wonder Of The Seas,3/9/25,3/9/25,STATEMENT,Beverages,Spotlight Bar,10,TRUE
7871133,Wonder Of The Seas,3/9/25,3/9/25,STATEMENT,Beverages,Stateroom Service,9.38,TRUE
7871133,Wonder Of The Seas,3/9/25,3/9/25,STATEMENT,Beverages,Stateroom Service,2,TRUE
2501764,Harmony of the Seas,4/20/25,4/20/25,RECEIPT,Retail Cost,7 Night Western Caribbean,2150,TRUE
2501764,Harmony of the Seas,4/20/25,4/20/25,RECEIPT,Casino Comp,7 Night Western Caribbean,-1350,TRUE
2501764,Harmony of the Seas,4/20/25,4/20/25,RECEIPT,Taxes/Fees,7 Night Western Caribbean,175.25,TRUE
2501764,Harmony of the Seas,4/20/25,4/20/25,RECEIPT,Amount Paid,7 Night Western Caribbean,175.25,TRUE
2501764,Harmony of the Seas,4/20/25,4/20/25,RECEIPT,Balance Due,7 Night Western Caribbean,0,TRUE
2679258,Star of the Seas,8/27/25,8/27/25,RECEIPT,Retail Cost,4 Night Showcase,1912,TRUE
2679258,Star of the Seas,8/27/25,8/27/25,RECEIPT,Casino Comp,4 Night Showcase,-1210,TRUE
2679258,Star of the Seas,8/27/25,8/27/25,RECEIPT,Taxes/Fees,4 Night Showcase,162.37,TRUE
2679258,Star of the Seas,8/27/25,8/27/25,RECEIPT,Amount Paid,4 Night Showcase,162.37,TRUE
2679258,Star of the Seas,8/27/25,8/27/25,RECEIPT,Balance Due,4 Night Showcase,0,TRUE
29779,Quantum of the Seas,11/17/25,11/17/25,RECEIPT,Retail Cost,4 Night Ensenada,818,TRUE
29779,Quantum of the Seas,11/17/25,11/17/25,RECEIPT,Casino Comp,4 Night Ensenada,-467,TRUE
29779,Quantum of the Seas,11/17/25,11/17/25,RECEIPT,Taxes/Fees,4 Night Ensenada,109.88,TRUE
29779,Quantum of the Seas,11/17/25,11/17/25,RECEIPT,Amount Paid,4 Night Ensenada,109.88,TRUE
29779,Quantum of the Seas,11/17/25,11/17/25,RECEIPT,Balance Due,4 Night Ensenada,0,TRUE
3152315,Quantum of the Seas,11/10/25,11/10/25,RECEIPT,Retail Cost,5 Night Cabo & Ensenada,1320,TRUE
3152315,Quantum of the Seas,11/10/25,11/10/25,RECEIPT,Casino Comp,5 Night Cabo & Ensenada,-746,TRUE
3152315,Quantum of the Seas,11/10/25,11/10/25,RECEIPT,Taxes/Fees,5 Night Cabo & Ensenada,133.27,TRUE
3152315,Quantum of the Seas,11/10/25,11/10/25,RECEIPT,Amount Paid,5 Night Cabo & Ensenada,133.27,TRUE
3152315,Quantum of the Seas,11/10/25,11/10/25,RECEIPT,Balance Due,5 Night Cabo & Ensenada,0,TRUE
1983174,Navigator of the Seas,9/19/25,9/19/25,RECEIPT,Retail Cost,3 Night Ensenada,686,TRUE
1983174,Navigator of the Seas,9/19/25,9/19/25,RECEIPT,Casino Comp,3 Night Ensenada,-426,TRUE
1983174,Navigator of the Seas,9/19/25,9/19/25,RECEIPT,Taxes/Fees,3 Night Ensenada,132.67,TRUE
1983174,Navigator of the Seas,9/19/25,9/19/25,RECEIPT,Amount Paid,3 Night Ensenada,132.67,TRUE
1983174,Navigator of the Seas,9/19/25,9/19/25,RECEIPT,Balance Due,3 Night Ensenada,0,TRUE
7815951,Ovation of the Seas,8/26/25,8/26/25,RECEIPT,Retail Cost,7 Night Alaska Glacier,1588,TRUE
7815951,Ovation of the Seas,8/26/25,8/26/25,RECEIPT,Casino Comp,7 Night Alaska Glacier,-946,TRUE
7815951,Ovation of the Seas,8/26/25,8/26/25,RECEIPT,Taxes/Fees,7 Night Alaska Glacier,110.1,TRUE
7815951,Ovation of the Seas,8/26/25,8/26/25,RECEIPT,Amount Paid,7 Night Alaska Glacier,149.1,TRUE
7815951,Ovation of the Seas,8/26/25,8/26/25,RECEIPT,Balance Due,7 Night Alaska Glacier,0,TRUE
2901567,Wonder of the Seas,7/13/25,7/13/25,RECEIPT,Retail Cost,7 Night Eastern Caribbean,2200,TRUE
2901567,Wonder of the Seas,7/13/25,7/13/25,RECEIPT,Casino Comp,7 Night Eastern Caribbean,-1300,TRUE
2901567,Wonder of the Seas,7/13/25,7/13/25,RECEIPT,Taxes/Fees,7 Night Eastern Caribbean,158.44,TRUE
2901567,Wonder of the Seas,7/13/25,7/13/25,RECEIPT,Amount Paid,7 Night Eastern Caribbean,158.44,TRUE
2901567,Wonder of the Seas,7/13/25,7/13/25,RECEIPT,Balance Due,7 Night Eastern Caribbean,0,TRUE
2755395,Liberty of the Seas,10/16/25,10/16/25,RECEIPT,Retail Cost,9 Night Canada & New England,2450,TRUE
2755395,Liberty of the Seas,10/16/25,10/16/25,RECEIPT,Casino Comp,9 Night Canada & New England,-1550,TRUE
2755395,Liberty of the Seas,10/16/25,10/16/25,RECEIPT,Taxes/Fees,9 Night Canada & New England,195,TRUE
2755395,Liberty of the Seas,10/16/25,10/16/25,RECEIPT,Amount Paid,9 Night Canada & New England,195,TRUE
2755395,Liberty of the Seas,10/16/25,10/16/25,RECEIPT,Balance Due,9 Night Canada & New England,0,TRUE
7836829,Radiance of the Seas,9/26/25,9/26/25,RECEIPT,Retail Cost,8 Night Pacific Coastal,1850,TRUE
7836829,Radiance of the Seas,9/26/25,9/26/25,RECEIPT,Casino Comp,8 Night Pacific Coastal,-1220,TRUE
7836829,Radiance of the Seas,9/26/25,9/26/25,RECEIPT,Taxes/Fees,8 Night Pacific Coastal,172.13,TRUE
7836829,Radiance of the Seas,9/26/25,9/26/25,RECEIPT,Amount Paid,8 Night Pacific Coastal,172.13,TRUE
7836829,Radiance of the Seas,9/26/25,9/26/25,RECEIPT,Balance Due,8 Night Pacific Coastal,0,TRUE
3156149,Navigator of the Seas,9/8/25,9/12/25,RECEIPT,Retail Cost,4 Night Catalina & Ensenada,999,TRUE
3156149,Navigator of the Seas,9/8/25,9/12/25,RECEIPT,Casino Comp,4 Night Catalina & Ensenada,-620,TRUE
3156149,Navigator of the Seas,9/8/25,9/12/25,RECEIPT,Taxes/Fees,4 Night Catalina & Ensenada,136.58,TRUE
3156149,Navigator of the Seas,9/8/25,9/12/25,RECEIPT,Amount Paid,4 Night Catalina & Ensenada,136.58,TRUE
3156149,Navigator of the Seas,9/8/25,9/12/25,RECEIPT,Balance Due,4 Night Catalina & Ensenada,0,TRUE
5207254,Navigator of the Seas,9/15/25,9/19/25,RECEIPT,Retail Cost,4 Night Catalina & Ensenada,1050,TRUE
5207254,Navigator of the Seas,9/15/25,9/19/25,RECEIPT,Casino Comp,4 Night Catalina & Ensenada,-675,TRUE
5207254,Navigator of the Seas,9/15/25,9/19/25,RECEIPT,Taxes/Fees,4 Night Catalina & Ensenada,132.5,TRUE
5207254,Navigator of the Seas,9/15/25,9/19/25,RECEIPT,Amount Paid,4 Night Catalina & Ensenada,132.5,TRUE
5207254,Navigator of the Seas,9/15/25,9/19/25,RECEIPT,Balance Due,4 Night Catalina & Ensenada,0,TRUE
1869130,Navigator of the Seas,8/22/25,8/25/25,RECEIPT,Retail Cost,3 Night Ensenada,710,TRUE
1869130,Navigator of the Seas,8/22/25,8/25/25,RECEIPT,Casino Comp,3 Night Ensenada,-450,TRUE
1869130,Navigator of the Seas,8/22/25,8/25/25,RECEIPT,Taxes/Fees,3 Night Ensenada,123.45,TRUE
1869130,Navigator of the Seas,8/22/25,8/25/25,RECEIPT,Amount Paid,3 Night Ensenada,123.45,TRUE
1869130,Navigator of the Seas,8/22/25,8/25/25,RECEIPT,Balance Due,3 Night Ensenada,0,TRUE
2468135,Quantum of the Seas,10/31/25,10/31/25,RECEIPT,Retail Cost,3 Night Ensenada,825,TRUE
2468135,Quantum of the Seas,10/31/25,10/31/25,RECEIPT,Casino Comp,3 Night Ensenada,-500,TRUE
2468135,Quantum of the Seas,10/31/25,10/31/25,RECEIPT,Taxes/Fees,3 Night Ensenada,115.2,TRUE
2468135,Quantum of the Seas,10/31/25,10/31/25,RECEIPT,Amount Paid,3 Night Ensenada,115.2,TRUE
2468135,Quantum of the Seas,10/31/25,10/31/25,RECEIPT,Balance Due,3 Night Ensenada,0,TRUE
9753186,Quantum of the Seas,1/27/26,1/27/26,RECEIPT,Retail Cost,4 Night Ensenada,990,TRUE
9753186,Quantum of the Seas,1/27/26,1/27/26,RECEIPT,Casino Comp,4 Night Ensenada,-615,TRUE
9753186,Quantum of the Seas,1/27/26,1/27/26,RECEIPT,Taxes/Fees,4 Night Ensenada,137.75,TRUE
9753186,Quantum of the Seas,1/27/26,1/27/26,RECEIPT,Amount Paid,4 Night Ensenada,137.75,TRUE
9753186,Quantum of the Seas,1/27/26,1/27/26,RECEIPT,Balance Due,4 Night Ensenada,0,TRUE
8642097,Quantum of the Seas,12/15/25,12/15/25,RECEIPT,Retail Cost,4 Night Ensenada,995,TRUE
8642097,Quantum of the Seas,12/15/25,12/15/25,RECEIPT,Casino Comp,4 Night Ensenada,-610,TRUE
8642097,Quantum of the Seas,12/15/25,12/15/25,RECEIPT,Taxes/Fees,4 Night Ensenada,118.65,TRUE
8642097,Quantum of the Seas,12/15/25,12/15/25,RECEIPT,Amount Paid,4 Night Ensenada,118.65,TRUE
8642097,Quantum of the Seas,12/15/25,12/15/25,RECEIPT,Balance Due,4 Night Ensenada,0,TRUE
3517264,Quantum of the Seas,2/10/26,2/10/26,RECEIPT,Retail Cost,4 Night Ensenada,1010,TRUE
3517264,Quantum of the Seas,2/10/26,2/10/26,RECEIPT,Casino Comp,4 Night Ensenada,-635,TRUE
3517264,Quantum of the Seas,2/10/26,2/10/26,RECEIPT,Taxes/Fees,4 Night Ensenada,120.25,TRUE
3517264,Quantum of the Seas,2/10/26,2/10/26,RECEIPT,Amount Paid,4 Night Ensenada,120.25,TRUE
3517264,Quantum of the Seas,2/10/26,2/10/26,RECEIPT,Balance Due,4 Night Ensenada,0,TRUE
4682351,Quantum of the Seas,2/24/26,2/24/26,RECEIPT,Retail Cost,4 Night Ensenada,1005,TRUE
4682351,Quantum of the Seas,2/24/26,2/24/26,RECEIPT,Casino Comp,4 Night Ensenada,-640,TRUE
4682351,Quantum of the Seas,2/24/26,2/24/26,RECEIPT,Taxes/Fees,4 Night Ensenada,119.75,TRUE
4682351,Quantum of the Seas,2/24/26,2/24/26,RECEIPT,Amount Paid,4 Night Ensenada,119.75,TRUE
4682351,Quantum of the Seas,2/24/26,2/24/26,RECEIPT,Balance Due,4 Night Ensenada,0,TRUE
5738291,Quantum of the Seas,10/12/25,10/12/25,RECEIPT,Retail Cost,4 Night Ensenada,1008,TRUE
5738291,Quantum of the Seas,10/12/25,10/12/25,RECEIPT,Casino Comp,4 Night Ensenada,-635,TRUE
5738291,Quantum of the Seas,10/12/25,10/12/25,RECEIPT,Taxes/Fees,4 Night Ensenada,119.5,TRUE
5738291,Quantum of the Seas,10/12/25,10/12/25,RECEIPT,Amount Paid,4 Night Ensenada,119.5,TRUE
5738291,Quantum of the Seas,10/12/25,10/12/25,RECEIPT,Balance Due,4 Night Ensenada,0,TRUE
6425893,Quantum of the Seas,10/28/25,10/28/25,RECEIPT,Retail Cost,4 Night Ensenada,1015,TRUE
6425893,Quantum of the Seas,10/28/25,10/28/25,RECEIPT,Casino Comp,4 Night Ensenada,-640,TRUE
6425893,Quantum of the Seas,10/28/25,10/28/25,RECEIPT,Taxes/Fees,4 Night Ensenada,120.4,TRUE
6425893,Quantum of the Seas,10/28/25,10/28/25,RECEIPT,Amount Paid,4 Night Ensenada,120.4,TRUE
6425893,Quantum of the Seas,10/28/25,10/28/25,RECEIPT,Balance Due,4 Night Ensenada,0,TRUE
7194830,Quantum of the Seas,1/13/26,1/13/26,RECEIPT,Retail Cost,4 Night Ensenada,1002,TRUE
7194830,Quantum of the Seas,1/13/26,1/13/26,RECEIPT,Casino Comp,4 Night Ensenada,-628,TRUE
7194830,Quantum of the Seas,1/13/26,1/13/26,RECEIPT,Taxes/Fees,4 Night Ensenada,118.95,TRUE
7194830,Quantum of the Seas,1/13/26,1/13/26,RECEIPT,Amount Paid,4 Night Ensenada,118.95,TRUE
7194830,Quantum of the Seas,1/13/26,1/13/26,RECEIPT,Balance Due,4 Night Ensenada,0,TRUE
8642098,Quantum of the Seas,2/24/26,2/24/26,RECEIPT,Retail Cost,4 Night Ensenada,1018,TRUE
8642098,Quantum of the Seas,2/24/26,2/24/26,RECEIPT,Casino Comp,4 Night Ensenada,-642,TRUE
8642098,Quantum of the Seas,2/24/26,2/24/26,RECEIPT,Taxes/Fees,4 Night Ensenada,121.05,TRUE
8642098,Quantum of the Seas,2/24/26,2/24/26,RECEIPT,Amount Paid,4 Night Ensenada,121.05,TRUE
8642098,Quantum of the Seas,2/24/26,2/24/26,RECEIPT,Balance Due,4 Night Ensenada,0,TRUE
6458636,Harmony of the Seas,3/16/26,4/1/26,RECEIPT,Retail Cost,16-Night Spain & Bahamas Transatlantic,4454,TRUE
6458636,Harmony of the Seas,3/16/26,4/1/26,RECEIPT,Casino Comp,16-Night Spain & Bahamas Transatlantic,-4454,TRUE
6458636,Harmony of the Seas,3/16/26,4/1/26,RECEIPT,Taxes/Fees,16-Night Spain & Bahamas Transatlantic,229.19,TRUE
6458636,Harmony of the Seas,3/16/26,4/1/26,RECEIPT,Amount Paid,16-Night Spain & Bahamas Transatlantic,200,TRUE
6458636,Harmony of the Seas,3/16/26,4/1/26,RECEIPT,Balance Due,16-Night Spain & Bahamas Transatlantic,29.19,TRUE
4359818,Quantum of the Seas,1/16/26,1/21/26,RECEIPT,Retail Cost,5-Night Cabo Overnight Cruise,1190,TRUE
4359818,Quantum of the Seas,1/16/26,1/21/26,RECEIPT,Casino Comp,5-Night Cabo Overnight Cruise,-1190,TRUE
4359818,Quantum of the Seas,1/16/26,1/21/26,RECEIPT,Taxes/Fees,5-Night Cabo Overnight Cruise,129.95,TRUE
4359818,Quantum of the Seas,1/16/26,1/21/26,RECEIPT,Amount Paid,5-Night Cabo Overnight Cruise,129.95,TRUE
4359818,Quantum of the Seas,1/16/26,1/21/26,RECEIPT,Balance Due,5-Night Cabo Overnight Cruise,0,TRUE
8169385,Quantum of the Seas,1/7/26,1/13/26,RECEIPT,Retail Cost,6-Night Cabo Overnight and Ensenada,1694,TRUE
8169385,Quantum of the Seas,1/7/26,1/13/26,RECEIPT,Casino Comp,6-Night Cabo Overnight and Ensenada,-1694,TRUE
8169385,Quantum of the Seas,1/7/26,1/13/26,RECEIPT,Taxes/Fees,6-Night Cabo Overnight and Ensenada,149.47,TRUE
8169385,Quantum of the Seas,1/7/26,1/13/26,RECEIPT,Amount Paid,6-Night Cabo Overnight and Ensenada,0,TRUE
8169385,Quantum of the Seas,1/7/26,1/13/26,RECEIPT,Balance Due,6-Night Cabo Overnight and Ensenada,149.47,TRUE
4372586,Quantum of the Seas,11/10/25,11/14/25,RECEIPT,Retail Cost,4-Night Ensenada Cruise,1036,TRUE
4372586,Quantum of the Seas,11/10/25,11/14/25,RECEIPT,Casino Comp,4-Night Ensenada Cruise,-1036,TRUE
4372586,Quantum of the Seas,11/10/25,11/14/25,RECEIPT,Taxes/Fees,4-Night Ensenada Cruise,138.24,TRUE
4372586,Quantum of the Seas,11/10/25,11/14/25,RECEIPT,Amount Paid,4-Night Ensenada Cruise,138.24,TRUE
4372586,Quantum of the Seas,11/10/25,11/14/25,RECEIPT,Balance Due,4-Night Ensenada Cruise,0,TRUE
1627512,Symphony of the Seas,2/22/26,3/1/26,RECEIPT,Retail Cost,7-Night Western Caribbean & Perfect Day,2802,TRUE
1627512,Symphony of the Seas,2/22/26,3/1/26,RECEIPT,Casino Comp,7-Night Western Caribbean & Perfect Day,-2802,TRUE
1627512,Symphony of the Seas,2/22/26,3/1/26,RECEIPT,Taxes/Fees,7-Night Western Caribbean & Perfect Day,168.89,TRUE
1627512,Symphony of the Seas,2/22/26,3/1/26,RECEIPT,Amount Paid,7-Night Western Caribbean & Perfect Day,168.89,TRUE
1627512,Symphony of the Seas,2/22/26,3/1/26,RECEIPT,Balance Due,7-Night Western Caribbean & Perfect Day,0,TRUE
1332345,Harmony of the Seas,3/1/26,3/8/26,RECEIPT,Retail Cost,7-Night Western Caribbean Cruise,2468,TRUE
1332345,Harmony of the Seas,3/1/26,3/8/26,RECEIPT,Casino Comp,7-Night Western Caribbean Cruise,-2468,TRUE
1332345,Harmony of the Seas,3/1/26,3/8/26,RECEIPT,Taxes/Fees,7-Night Western Caribbean Cruise,151.17,TRUE
1332345,Harmony of the Seas,3/1/26,3/8/26,RECEIPT,Amount Paid,7-Night Western Caribbean Cruise,151.17,TRUE
1332345,Harmony of the Seas,3/1/26,3/8/26,RECEIPT,Balance Due,7-Night Western Caribbean Cruise,0,TRUE